<bot schemaname="crc19_gvOpenAi">
  <authenticationmode>1</authenticationmode>
  <authenticationtrigger>0</authenticationtrigger>
  <iscustomizable>1</iscustomizable>
  <language>1033</language>
  <name>GV-OpenAI</name>
  <runtimeprovider>0</runtimeprovider>
  <synchronizationstatus>{
  "contentVersion": 2,
  "currentSynchronizationState": {
    "botRegistration": {
      "applicationId": "92d7f313-6c98-494d-8734-9d0561f9e67e",
      "isAppAvailableInTenant": true
    },
    "provisioningStatus": "Provisioned",
    "state": "Synchronized"
  },
  "lastSynchronizedOnUtc": "2023-06-12T06:43:53.942907Z"
}</synchronizationstatus>
  <template>default-2.0.1</template>
</bot>