<environmentvariabledefinition schemaname="new_APIKey">
  <description default="API Key - from the Azure AI Studio Playground">
    <label description="API Key - from the Azure AI Studio Playground" languagecode="1033" />
  </description>
  <displayname default="API-Key">
    <label description="API-Key" languagecode="1033" />
  </displayname>
  <introducedversion>1.0.0.1</introducedversion>
  <iscustomizable>1</iscustomizable>
  <isrequired>0</isrequired>
  <secretstore>0</secretstore>
  <type>100000000</type>
</environmentvariabledefinition>